{
    "epoch": 15.0,
    "eval_loss": 0.506488561630249,
    "eval_matthews_correlation": 0.48480331556829936,
    "eval_runtime": 11.0855,
    "eval_samples": 1043,
    "eval_samples_per_second": 94.087,
    "eval_steps_per_second": 2.977,
    "train_loss": 0.39492943203864406,
    "train_runtime": 2481.0774,
    "train_samples": 8551,
    "train_samples_per_second": 51.697,
    "train_steps_per_second": 1.62
}