{
    "epoch": 15.0,
    "eval_accuracy": 0.7107843137254902,
    "eval_combined_score": 0.7583526831785345,
    "eval_f1": 0.8059210526315789,
    "eval_loss": 0.635292112827301,
    "eval_runtime": 1.3146,
    "eval_samples": 408,
    "eval_samples_per_second": 310.372,
    "eval_steps_per_second": 19.779
}