{
    "epoch": 15.0,
    "eval_accuracy": 0.75,
    "eval_combined_score": 0.7932692307692307,
    "eval_f1": 0.8365384615384615,
    "eval_loss": 0.582582950592041,
    "eval_runtime": 1.6103,
    "eval_samples": 408,
    "eval_samples_per_second": 253.374,
    "eval_steps_per_second": 16.146,
    "train_loss": 0.45949014857195425,
    "train_runtime": 440.7717,
    "train_samples": 3668,
    "train_samples_per_second": 124.827,
    "train_steps_per_second": 7.827
}