{
    "epoch": 15.0,
    "eval_loss": 0.5976961255073547,
    "eval_matthews_correlation": 0.08530885680462096,
    "eval_runtime": 3.2406,
    "eval_samples": 1043,
    "eval_samples_per_second": 321.857,
    "eval_steps_per_second": 20.367
}