{
    "epoch": 15.0,
    "eval_accuracy": 0.6862745098039216,
    "eval_combined_score": 0.7346626786307744,
    "eval_f1": 0.7830508474576272,
    "eval_loss": 0.6307187676429749,
    "eval_runtime": 1.4871,
    "eval_samples": 408,
    "eval_samples_per_second": 274.352,
    "eval_steps_per_second": 17.483,
    "train_loss": 0.5156154997452446,
    "train_runtime": 252.1692,
    "train_samples": 3668,
    "train_samples_per_second": 218.187,
    "train_steps_per_second": 13.681
}